<Collection name="Page Extension" guid="{8C982F54-52D5-492D-851C-CFFED0EBF3F7}" Version="1">
  <Description>Creates blocks of copy that can be placed in the template, and follows either the page or the section.</Description>
  <Interfaces>
    <Page name='Page Extension' guid='{FA71811C-257B-4631-ADF9-D7F2CEB7489A}'>
      <Description>Creates blocks of copy that can be placed in the template, and follows either the page or the section.</Description>
      <Help/>
      <ArgumentList>ExtensionName</ArgumentList>
      <ArgumentList>ExtensionType=[Section|Page]Radio</ArgumentList>
      <ActiveXDLL>aoPageExtension.DLL</ActiveXDLL>
      <ActiveXProgramID>aoPageExtension.AddonClass</ActiveXProgramID>
      <IconLink>/images/pageExtension.png</IconLink>
      <Template>true</Template>
      <Content>true</Content>
      <Admin/>
      <Webservice/>
      <JavaScriptOnLoad/>
      <JavaScriptInHead/>
      <JavaScriptBodyEnd/>
      <PageTitle/>
      <MetaDescription/>
      <MetaKeywordList/>
      <OtherHeadTags/>
    </Page>	
  </Interfaces>
</Collection>
